{
	"data": 
			[
				{"l_core": 0.0954355682440714, "h_core": 0.11611266806764645, "e_plate": 0.05110724730739683, "d_maglev": 12.0, "a_branch": 0.537669499231554, "a_lcoil": 1.0, "a_hcoil": 1.0, "a_hf": 0.10002348666565977, "a_lf": 0.5006368115350897, "a_base": 0.2722017217281425, "v_mag": 194.44444444444443}
			]
	,"module_tree": {"__class__": "Device", "__module__": "Optimeed"}
}